<?xml version="1.0" encoding="UTF-8"?>
<!DOCTYPE fontscolors PUBLIC "-//NetBeans//DTD Editor Fonts and Colors settings 1.1//EN" "http://www.netbeans.org/dtds/EditorFontsColors-1_1.dtd">
<fontscolors>
    <fontcolor default="string" name="uris"/>
    <fontcolor bgColor="ff2e3436" foreColor="ffff6ff2" name="mod-method"/>
    <fontcolor default="separator" name="braces"/>
    <fontcolor default="identifier" name="identifiers"/>
    <fontcolor default="string" name="strings"/>
    <fontcolor name="mark-occurrences"/>
    <fontcolor default="number" name="numbers"/>
    <fontcolor default="separator" name="brace"/>
    <fontcolor default="operator" name="operators"/>
    <fontcolor name="mod-constructor">
        <font style="bold"/>
    </fontcolor>
    <fontcolor default="number" name="hashes"/>
    <fontcolor default="keyword" name="keywords"/>
    <fontcolor default="default" name="others"/>
    <fontcolor default="number" foreColor="fff57900" name="hash"/>
    <fontcolor default="keyword" name="keyword"/>
    <fontcolor default="default" name="whitespace"/>
    <fontcolor default="number" foreColor="ff8ae234" name="number"/>
    <fontcolor default="separator" name="separators"/>
    <fontcolor default="error" name="unknown"/>
    <fontcolor default="default" name="whitespaces"/>
    <fontcolor default="string" name="url"/>
    <fontcolor default="operator" name="operator"/>
    <fontcolor name="mod-class">
        <font style="italic"/>
    </fontcolor>
    <fontcolor default="string" name="string"/>
    <fontcolor foreColor="ff729fcf" name="mod-custom1"/>
    <fontcolor foreColor="ff3465a4" name="mod-custom2"/>
    <fontcolor default="comment" name="comment"/>
    <fontcolor default="identifier" foreColor="ff0098d2" name="identifier"/>
    <fontcolor default="separator" name="separator"/>
    <fontcolor default="comment" name="comments"/>
</fontscolors>
