<?xml version="1.0" encoding="UTF-8"?>
<!DOCTYPE fontscolors PUBLIC "-//NetBeans//DTD Editor Fonts and Colors settings 1.1//EN" "http://www.netbeans.org/dtds/EditorFontsColors-1_1.dtd">
<fontscolors>
    <fontcolor default="default" foreColor="ff678cb1" name="sgml-declaration">
        <font style="bold"/>
    </fontcolor>
    <fontcolor default="markup-attribute" foreColor="ff678cb1" name="argument"/>
    <fontcolor default="default" name="text"/>
    <fontcolor name="mod-method"/>
    <fontcolor default="error" name="error"/>
    <fontcolor bgColor="ff2c232e" default="default" name="css-embedded"/>
    <fontcolor default="markup-element" foreColor="white" name="tag">
        <font style="plain"/>
    </fontcolor>
    <fontcolor default="comment" name="sgml-comment"/>
    <fontcolor default="whitespace" name="ws"/>
    <fontcolor default="argument" foreColor="white" name="operator"/>
    <fontcolor default="entity-reference" foreColor="ff93c763" name="character"/>
    <fontcolor foreColor="orange" name="mod-class" waveUnderlined="red"/>
    <fontcolor default="default" foreColor="ff628fb5" name="xml-pi"/>
    <fontcolor bgColor="ff273447" default="default" name="javascript-embedded"/>
    <fontcolor default="markup-attribute-value" foreColor="ffec7600" name="value"/>
    <fontcolor default="comment" name="block-comment"/>
</fontscolors>
